Year,Month,LOB,GWP Cancelled,GWP Booked
2020,01,017-Travel,-14202.92,715553.6399999994
2020,01,018-Personal Accident,-6873.850000000006,622758.0899999827
2020,02,017-Travel,-6550.37,457142.3400000006
2020,02,018-Personal Accident,-7997.22,312239.6899999961
